{"version":"1.5","timestamp":1666347917,"count":97,"index":{"":{"key":"","storage_key":"","template":null,"storage_timestamp":1661435070,"children":{"01.home":1583591802,"03.blog":1661434789},"checksum":"ede1ff790ce2dcc0b585bb36b1b8521e"},"01.home":{"key":"home","storage_key":"01.home","template":"default","storage_timestamp":1583591802,"markdown":{"":{"default":1583591802}},"checksum":"739437d48ae98f8f60d5766f903227eb"},"03.blog":{"key":"blog","storage_key":"03.blog","template":"blog","storage_timestamp":1661434789,"markdown":{"":{"blog":1631826901}},"children":{"05.boardgames":1661434758,"06.videogames":1661434768,"07.reviews":1661434779,"08.specials":1661434789},"checksum":"c277eaff450a2ee08110019d1705dac5"},"03.blog\/05.boardgames":{"key":"blog\/boardgames","storage_key":"03.blog\/05.boardgames","template":"blog","storage_timestamp":1661434758,"markdown":{"":{"blog":1661433725}},"children":{"03.starry-skylines":1661434251,"05.wondering-witches":1661434216,"06.timely-transports":1661434200,"07.unstable-universe":1661434189,"08.one-pizza-the-puzzle":1661434176},"checksum":"8e8397894dc5c95e6be0a9f5463efcb4"},"03.blog\/05.boardgames\/03.starry-skylines":{"key":"blog\/boardgames\/starry-skylines","storage_key":"03.blog\/05.boardgames\/03.starry-skylines","template":"blog","storage_timestamp":1661434251,"markdown":{"":{"blog":1632055572}},"children":{"04.devlog-starry-skylines":1632048521},"checksum":"fc15beae06713588ab7fa5dc29495589"},"03.blog\/05.boardgames\/03.starry-skylines\/04.devlog-starry-skylines":{"key":"blog\/boardgames\/starry-skylines\/devlog-starry-skylines","storage_key":"03.blog\/05.boardgames\/03.starry-skylines\/04.devlog-starry-skylines","template":"blog","storage_timestamp":1632048521,"markdown":{"":{"blog":1632048521}},"children":{"01.devlog-starry-skylines-part-1":1632148060,"02.devlog-starry-skylines-part-2":1632148073,"03.devlog-starry-skylines-part-3":1632148081},"checksum":"6db5fc1539db5cf916fe9518a7c83c8a"},"03.blog\/05.boardgames\/03.starry-skylines\/04.devlog-starry-skylines\/01.devlog-starry-skylines-part-1":{"key":"blog\/boardgames\/starry-skylines\/devlog-starry-skylines\/devlog-starry-skylines-part-1","storage_key":"03.blog\/05.boardgames\/03.starry-skylines\/04.devlog-starry-skylines\/01.devlog-starry-skylines-part-1","template":"default","storage_timestamp":1632148060,"markdown":{"":{"default":1632148060}},"checksum":"10e06b4f55e04586f201918170fe39c3"},"03.blog\/05.boardgames\/03.starry-skylines\/04.devlog-starry-skylines\/02.devlog-starry-skylines-part-2":{"key":"blog\/boardgames\/starry-skylines\/devlog-starry-skylines\/devlog-starry-skylines-part-2","storage_key":"03.blog\/05.boardgames\/03.starry-skylines\/04.devlog-starry-skylines\/02.devlog-starry-skylines-part-2","template":"default","storage_timestamp":1632148073,"markdown":{"":{"default":1632148073}},"checksum":"eadef0d54561300494d54b08f8a46e46"},"03.blog\/05.boardgames\/03.starry-skylines\/04.devlog-starry-skylines\/03.devlog-starry-skylines-part-3":{"key":"blog\/boardgames\/starry-skylines\/devlog-starry-skylines\/devlog-starry-skylines-part-3","storage_key":"03.blog\/05.boardgames\/03.starry-skylines\/04.devlog-starry-skylines\/03.devlog-starry-skylines-part-3","template":"default","storage_timestamp":1632148081,"markdown":{"":{"default":1632148081}},"checksum":"1851a3e300009b9515833ae081cd1839"},"03.blog\/05.boardgames\/05.wondering-witches":{"key":"blog\/boardgames\/wondering-witches","storage_key":"03.blog\/05.boardgames\/05.wondering-witches","template":"blog","storage_timestamp":1661434216,"markdown":{"":{"blog":1609680451}},"children":{"01.devlog-wondering-witches":1632091800,"03.technical-devlog-wondering-witches":1632057952},"checksum":"acd32c995cc1945733f75bc112967562"},"03.blog\/05.boardgames\/05.wondering-witches\/01.devlog-wondering-witches":{"key":"blog\/boardgames\/wondering-witches\/devlog-wondering-witches","storage_key":"03.blog\/05.boardgames\/05.wondering-witches\/01.devlog-wondering-witches","template":"default","storage_timestamp":1632091800,"markdown":{"":{"default":1632091800}},"checksum":"034ef7169f862292334d83c9e7723f0b"},"03.blog\/05.boardgames\/05.wondering-witches\/03.technical-devlog-wondering-witches":{"key":"blog\/boardgames\/wondering-witches\/technical-devlog-wondering-witches","storage_key":"03.blog\/05.boardgames\/05.wondering-witches\/03.technical-devlog-wondering-witches","template":"blog","storage_timestamp":1632057952,"markdown":{"":{"blog":1632057366}},"children":{"02.wondering-witches-part-1":1632058223,"03.wondering-witches-part-2":1632058363,"04.wondering-witches-part-3":1632058380,"05.wondering-witches-part-4":1632058396,"06.wondering-witches-part-5":1632058406},"checksum":"4012c987ef297226a2219b86466a65a9"},"03.blog\/05.boardgames\/05.wondering-witches\/03.technical-devlog-wondering-witches\/02.wondering-witches-part-1":{"key":"blog\/boardgames\/wondering-witches\/technical-devlog-wondering-witches\/wondering-witches-part-1","storage_key":"03.blog\/05.boardgames\/05.wondering-witches\/03.technical-devlog-wondering-witches\/02.wondering-witches-part-1","template":"default","storage_timestamp":1632058223,"markdown":{"":{"default":1632058223}},"checksum":"956105aac874ce941558c56a2df06e97"},"03.blog\/05.boardgames\/05.wondering-witches\/03.technical-devlog-wondering-witches\/03.wondering-witches-part-2":{"key":"blog\/boardgames\/wondering-witches\/technical-devlog-wondering-witches\/wondering-witches-part-2","storage_key":"03.blog\/05.boardgames\/05.wondering-witches\/03.technical-devlog-wondering-witches\/03.wondering-witches-part-2","template":"default","storage_timestamp":1632058363,"markdown":{"":{"default":1632058363}},"checksum":"80b23a5e0b7695f55a966930eaa781ea"},"03.blog\/05.boardgames\/05.wondering-witches\/03.technical-devlog-wondering-witches\/04.wondering-witches-part-3":{"key":"blog\/boardgames\/wondering-witches\/technical-devlog-wondering-witches\/wondering-witches-part-3","storage_key":"03.blog\/05.boardgames\/05.wondering-witches\/03.technical-devlog-wondering-witches\/04.wondering-witches-part-3","template":"default","storage_timestamp":1632058380,"markdown":{"":{"default":1632058380}},"checksum":"353f54964fbbb297da7aabd7f5c7e9b4"},"03.blog\/05.boardgames\/05.wondering-witches\/03.technical-devlog-wondering-witches\/05.wondering-witches-part-4":{"key":"blog\/boardgames\/wondering-witches\/technical-devlog-wondering-witches\/wondering-witches-part-4","storage_key":"03.blog\/05.boardgames\/05.wondering-witches\/03.technical-devlog-wondering-witches\/05.wondering-witches-part-4","template":"default","storage_timestamp":1632058396,"markdown":{"":{"default":1632058396}},"checksum":"61fefed19730b38ab0f28fa713073fc4"},"03.blog\/05.boardgames\/05.wondering-witches\/03.technical-devlog-wondering-witches\/06.wondering-witches-part-5":{"key":"blog\/boardgames\/wondering-witches\/technical-devlog-wondering-witches\/wondering-witches-part-5","storage_key":"03.blog\/05.boardgames\/05.wondering-witches\/03.technical-devlog-wondering-witches\/06.wondering-witches-part-5","template":"default","storage_timestamp":1632058406,"markdown":{"":{"default":1632058406}},"checksum":"b60fcf3b7b0b4fec6681e2bb28153567"},"03.blog\/05.boardgames\/06.timely-transports":{"key":"blog\/boardgames\/timely-transports","storage_key":"03.blog\/05.boardgames\/06.timely-transports","template":"blog","storage_timestamp":1661434200,"markdown":{"":{"blog":1632059417}},"children":{"02.update-timely-transports":1632061498,"03.devlog-timely-transports":1632059953,"04.technical-devlog-timely-transports":1632060478},"checksum":"4f6f7fc6e3fe309b76fabe19be8a6378"},"03.blog\/05.boardgames\/06.timely-transports\/02.update-timely-transports":{"key":"blog\/boardgames\/timely-transports\/update-timely-transports","storage_key":"03.blog\/05.boardgames\/06.timely-transports\/02.update-timely-transports","template":"default","storage_timestamp":1632061498,"markdown":{"":{"default":1632061498}},"checksum":"17914d45a1bb8ef29d9c03e4c5a6d1b9"},"03.blog\/05.boardgames\/06.timely-transports\/03.devlog-timely-transports":{"key":"blog\/boardgames\/timely-transports\/devlog-timely-transports","storage_key":"03.blog\/05.boardgames\/06.timely-transports\/03.devlog-timely-transports","template":"blog","storage_timestamp":1632059953,"markdown":{"":{"blog":1632059054}},"children":{"01.timely-transports-part-1":1632059745,"04.timely-transports-part-2":1632059876,"05.timely-transports-part-3":1632059540,"06.timely-transports-part-4":1632059517},"checksum":"f69e6ae269c3b94d6f283ba467133199"},"03.blog\/05.boardgames\/06.timely-transports\/03.devlog-timely-transports\/01.timely-transports-part-1":{"key":"blog\/boardgames\/timely-transports\/devlog-timely-transports\/timely-transports-part-1","storage_key":"03.blog\/05.boardgames\/06.timely-transports\/03.devlog-timely-transports\/01.timely-transports-part-1","template":"default","storage_timestamp":1632059745,"markdown":{"":{"default":1632059745}},"checksum":"0f2c694eb715a9d11b25bd174eb9cfeb"},"03.blog\/05.boardgames\/06.timely-transports\/03.devlog-timely-transports\/04.timely-transports-part-2":{"key":"blog\/boardgames\/timely-transports\/devlog-timely-transports\/timely-transports-part-2","storage_key":"03.blog\/05.boardgames\/06.timely-transports\/03.devlog-timely-transports\/04.timely-transports-part-2","template":"default","storage_timestamp":1632059876,"markdown":{"":{"default":1632059876}},"checksum":"23070956e6c3b6828df2e163aa41926f"},"03.blog\/05.boardgames\/06.timely-transports\/03.devlog-timely-transports\/05.timely-transports-part-3":{"key":"blog\/boardgames\/timely-transports\/devlog-timely-transports\/timely-transports-part-3","storage_key":"03.blog\/05.boardgames\/06.timely-transports\/03.devlog-timely-transports\/05.timely-transports-part-3","template":"default","storage_timestamp":1632059540,"markdown":{"":{"default":1632059540}},"checksum":"95c480966aa674f3d9c6412f43106e1e"},"03.blog\/05.boardgames\/06.timely-transports\/03.devlog-timely-transports\/06.timely-transports-part-4":{"key":"blog\/boardgames\/timely-transports\/devlog-timely-transports\/timely-transports-part-4","storage_key":"03.blog\/05.boardgames\/06.timely-transports\/03.devlog-timely-transports\/06.timely-transports-part-4","template":"default","storage_timestamp":1632059517,"markdown":{"":{"default":1632059517}},"checksum":"6bc96f6bd0a2975752bf52bcf3808ce9"},"03.blog\/05.boardgames\/06.timely-transports\/04.technical-devlog-timely-transports":{"key":"blog\/boardgames\/timely-transports\/technical-devlog-timely-transports","storage_key":"03.blog\/05.boardgames\/06.timely-transports\/04.technical-devlog-timely-transports","template":"blog","storage_timestamp":1632060478,"markdown":{"":{"blog":1632060125}},"children":{"01.timely-transports":1632060908,"02.timely-transports-part-2":1632060990,"03.timely-transports-part-3":1632061109},"checksum":"d226e2afc9f60b9189d21e1470c2a23f"},"03.blog\/05.boardgames\/06.timely-transports\/04.technical-devlog-timely-transports\/01.timely-transports":{"key":"blog\/boardgames\/timely-transports\/technical-devlog-timely-transports\/timely-transports","storage_key":"03.blog\/05.boardgames\/06.timely-transports\/04.technical-devlog-timely-transports\/01.timely-transports","template":"default","storage_timestamp":1632060908,"markdown":{"":{"default":1632060908}},"checksum":"d27d98a73ad105af050ad2741afffe6a"},"03.blog\/05.boardgames\/06.timely-transports\/04.technical-devlog-timely-transports\/02.timely-transports-part-2":{"key":"blog\/boardgames\/timely-transports\/technical-devlog-timely-transports\/timely-transports-part-2","storage_key":"03.blog\/05.boardgames\/06.timely-transports\/04.technical-devlog-timely-transports\/02.timely-transports-part-2","template":"default","storage_timestamp":1632060990,"markdown":{"":{"default":1632060990}},"checksum":"ae77ff4a24e63198099503d1126673bd"},"03.blog\/05.boardgames\/06.timely-transports\/04.technical-devlog-timely-transports\/03.timely-transports-part-3":{"key":"blog\/boardgames\/timely-transports\/technical-devlog-timely-transports\/timely-transports-part-3","storage_key":"03.blog\/05.boardgames\/06.timely-transports\/04.technical-devlog-timely-transports\/03.timely-transports-part-3","template":"default","storage_timestamp":1632061109,"markdown":{"":{"default":1632061109}},"checksum":"68bbc5dbb96703fd749e19bcc902c7ec"},"03.blog\/05.boardgames\/07.unstable-universe":{"key":"blog\/boardgames\/unstable-universe","storage_key":"03.blog\/05.boardgames\/07.unstable-universe","template":"blog","storage_timestamp":1661434189,"markdown":{"":{"blog":1632062210}},"children":{"02.devlog-unstable-universe":1632063338,"03.technical-devlog-unstable-universe":1632063338},"checksum":"ff50098db3900acc8fb59ed0a0b463fc"},"03.blog\/05.boardgames\/07.unstable-universe\/02.devlog-unstable-universe":{"key":"blog\/boardgames\/unstable-universe\/devlog-unstable-universe","storage_key":"03.blog\/05.boardgames\/07.unstable-universe\/02.devlog-unstable-universe","template":"blog","storage_timestamp":1632063338,"markdown":{"":{"blog":1632061964}},"children":{"01.unstable-universe-part-1":1632064583,"02.unstable-universe-part-2":1632064663,"03.unstable-universe-part-3":1632064703,"04.unstable-universe-part-4":1632064743,"05.unstable-universe-part-5":1632064816,"06.unstable-universe-part-6":1632064852,"07.unstable-universe-part-7":1632064896},"checksum":"bbad216a109891d982cd4f91f7bf6ea5"},"03.blog\/05.boardgames\/07.unstable-universe\/02.devlog-unstable-universe\/01.unstable-universe-part-1":{"key":"blog\/boardgames\/unstable-universe\/devlog-unstable-universe\/unstable-universe-part-1","storage_key":"03.blog\/05.boardgames\/07.unstable-universe\/02.devlog-unstable-universe\/01.unstable-universe-part-1","template":"default","storage_timestamp":1632064583,"markdown":{"":{"default":1632064583}},"checksum":"10dd9163becc2540e49abbae83e6b053"},"03.blog\/05.boardgames\/07.unstable-universe\/02.devlog-unstable-universe\/02.unstable-universe-part-2":{"key":"blog\/boardgames\/unstable-universe\/devlog-unstable-universe\/unstable-universe-part-2","storage_key":"03.blog\/05.boardgames\/07.unstable-universe\/02.devlog-unstable-universe\/02.unstable-universe-part-2","template":"default","storage_timestamp":1632064663,"markdown":{"":{"default":1632064663}},"checksum":"e63d6e93135a48b0765631399a5d7c52"},"03.blog\/05.boardgames\/07.unstable-universe\/02.devlog-unstable-universe\/03.unstable-universe-part-3":{"key":"blog\/boardgames\/unstable-universe\/devlog-unstable-universe\/unstable-universe-part-3","storage_key":"03.blog\/05.boardgames\/07.unstable-universe\/02.devlog-unstable-universe\/03.unstable-universe-part-3","template":"default","storage_timestamp":1632064703,"markdown":{"":{"default":1632064703}},"checksum":"a61dc29011e817e363284b9dbd5e1268"},"03.blog\/05.boardgames\/07.unstable-universe\/02.devlog-unstable-universe\/04.unstable-universe-part-4":{"key":"blog\/boardgames\/unstable-universe\/devlog-unstable-universe\/unstable-universe-part-4","storage_key":"03.blog\/05.boardgames\/07.unstable-universe\/02.devlog-unstable-universe\/04.unstable-universe-part-4","template":"default","storage_timestamp":1632064743,"markdown":{"":{"default":1632064743}},"checksum":"869f96b9197015f85fecddef9039edbf"},"03.blog\/05.boardgames\/07.unstable-universe\/02.devlog-unstable-universe\/05.unstable-universe-part-5":{"key":"blog\/boardgames\/unstable-universe\/devlog-unstable-universe\/unstable-universe-part-5","storage_key":"03.blog\/05.boardgames\/07.unstable-universe\/02.devlog-unstable-universe\/05.unstable-universe-part-5","template":"default","storage_timestamp":1632064816,"markdown":{"":{"default":1632064816}},"checksum":"bafe702b3e440616b92dfbd415ba67fd"},"03.blog\/05.boardgames\/07.unstable-universe\/02.devlog-unstable-universe\/06.unstable-universe-part-6":{"key":"blog\/boardgames\/unstable-universe\/devlog-unstable-universe\/unstable-universe-part-6","storage_key":"03.blog\/05.boardgames\/07.unstable-universe\/02.devlog-unstable-universe\/06.unstable-universe-part-6","template":"default","storage_timestamp":1632064852,"markdown":{"":{"default":1632064852}},"checksum":"da3f0410f388817e72a346dc23d67dac"},"03.blog\/05.boardgames\/07.unstable-universe\/02.devlog-unstable-universe\/07.unstable-universe-part-7":{"key":"blog\/boardgames\/unstable-universe\/devlog-unstable-universe\/unstable-universe-part-7","storage_key":"03.blog\/05.boardgames\/07.unstable-universe\/02.devlog-unstable-universe\/07.unstable-universe-part-7","template":"default","storage_timestamp":1632064896,"markdown":{"":{"default":1632064896}},"checksum":"e69cda2c4616d28bf18af4de00a1a512"},"03.blog\/05.boardgames\/07.unstable-universe\/03.technical-devlog-unstable-universe":{"key":"blog\/boardgames\/unstable-universe\/technical-devlog-unstable-universe","storage_key":"03.blog\/05.boardgames\/07.unstable-universe\/03.technical-devlog-unstable-universe","template":"blog","storage_timestamp":1632063338,"markdown":{"":{"blog":1632062092}},"children":{"01.unstable-universe-part-1":1632063784,"02.unstable-universe-part-2":1632063847,"03.unstable-universe-part-3":1632063972},"checksum":"4b86704e839555fbd183ee0befb2d69d"},"03.blog\/05.boardgames\/07.unstable-universe\/03.technical-devlog-unstable-universe\/01.unstable-universe-part-1":{"key":"blog\/boardgames\/unstable-universe\/technical-devlog-unstable-universe\/unstable-universe-part-1","storage_key":"03.blog\/05.boardgames\/07.unstable-universe\/03.technical-devlog-unstable-universe\/01.unstable-universe-part-1","template":"default","storage_timestamp":1632063784,"markdown":{"":{"default":1632063784}},"checksum":"6a6dc9c49ea07c96f75de30dbfc512f3"},"03.blog\/05.boardgames\/07.unstable-universe\/03.technical-devlog-unstable-universe\/02.unstable-universe-part-2":{"key":"blog\/boardgames\/unstable-universe\/technical-devlog-unstable-universe\/unstable-universe-part-2","storage_key":"03.blog\/05.boardgames\/07.unstable-universe\/03.technical-devlog-unstable-universe\/02.unstable-universe-part-2","template":"default","storage_timestamp":1632063847,"markdown":{"":{"default":1632063847}},"checksum":"b1825adb5ab4c0b91d63e82104832528"},"03.blog\/05.boardgames\/07.unstable-universe\/03.technical-devlog-unstable-universe\/03.unstable-universe-part-3":{"key":"blog\/boardgames\/unstable-universe\/technical-devlog-unstable-universe\/unstable-universe-part-3","storage_key":"03.blog\/05.boardgames\/07.unstable-universe\/03.technical-devlog-unstable-universe\/03.unstable-universe-part-3","template":"default","storage_timestamp":1632063972,"markdown":{"":{"default":1632063972}},"checksum":"f65bea38ac17fef185961099ab2b20dc"},"03.blog\/05.boardgames\/08.one-pizza-the-puzzle":{"key":"blog\/boardgames\/one-pizza-the-puzzle","storage_key":"03.blog\/05.boardgames\/08.one-pizza-the-puzzle","template":"blog","storage_timestamp":1661434176,"markdown":{"":{"blog":1609680452}},"children":{"02.devlog-one-pizza-the-puzzle":1632091599,"03.technical-devlog-one-pizza-the-puzzle":1632091568},"checksum":"c05bc59610c68529b3a4f1f4724dda5a"},"03.blog\/05.boardgames\/08.one-pizza-the-puzzle\/02.devlog-one-pizza-the-puzzle":{"key":"blog\/boardgames\/one-pizza-the-puzzle\/devlog-one-pizza-the-puzzle","storage_key":"03.blog\/05.boardgames\/08.one-pizza-the-puzzle\/02.devlog-one-pizza-the-puzzle","template":"blog","storage_timestamp":1632091599,"markdown":{"":{"blog":1632091599}},"children":{"01.one-pizza-part-1":1632130476,"02.one-pizza-part-2":1632130464,"03.one-pizza-part-3":1632130457,"04.one-pizza-part-4":1632130448,"05.one-pizza-part-5":1632130440,"06.one-pizza-part-6":1632130432,"07.one-pizza-part-7":1632130424},"checksum":"217d350e7ab2873f8f0faabe55a0404d"},"03.blog\/05.boardgames\/08.one-pizza-the-puzzle\/02.devlog-one-pizza-the-puzzle\/01.one-pizza-part-1":{"key":"blog\/boardgames\/one-pizza-the-puzzle\/devlog-one-pizza-the-puzzle\/one-pizza-part-1","storage_key":"03.blog\/05.boardgames\/08.one-pizza-the-puzzle\/02.devlog-one-pizza-the-puzzle\/01.one-pizza-part-1","template":"default","storage_timestamp":1632130476,"markdown":{"":{"default":1632130476}},"checksum":"91db9ac0d9823b22d84eaa56a3ffcf95"},"03.blog\/05.boardgames\/08.one-pizza-the-puzzle\/02.devlog-one-pizza-the-puzzle\/02.one-pizza-part-2":{"key":"blog\/boardgames\/one-pizza-the-puzzle\/devlog-one-pizza-the-puzzle\/one-pizza-part-2","storage_key":"03.blog\/05.boardgames\/08.one-pizza-the-puzzle\/02.devlog-one-pizza-the-puzzle\/02.one-pizza-part-2","template":"default","storage_timestamp":1632130464,"markdown":{"":{"default":1632130464}},"checksum":"be89021940c5670eb594fa9977c9e799"},"03.blog\/05.boardgames\/08.one-pizza-the-puzzle\/02.devlog-one-pizza-the-puzzle\/03.one-pizza-part-3":{"key":"blog\/boardgames\/one-pizza-the-puzzle\/devlog-one-pizza-the-puzzle\/one-pizza-part-3","storage_key":"03.blog\/05.boardgames\/08.one-pizza-the-puzzle\/02.devlog-one-pizza-the-puzzle\/03.one-pizza-part-3","template":"default","storage_timestamp":1632130457,"markdown":{"":{"default":1632130457}},"checksum":"ca6c5bbfb07b740a11eb6b76e6016038"},"03.blog\/05.boardgames\/08.one-pizza-the-puzzle\/02.devlog-one-pizza-the-puzzle\/04.one-pizza-part-4":{"key":"blog\/boardgames\/one-pizza-the-puzzle\/devlog-one-pizza-the-puzzle\/one-pizza-part-4","storage_key":"03.blog\/05.boardgames\/08.one-pizza-the-puzzle\/02.devlog-one-pizza-the-puzzle\/04.one-pizza-part-4","template":"default","storage_timestamp":1632130448,"markdown":{"":{"default":1632130448}},"checksum":"05db9e0f873800e06d3b9a53055e7b86"},"03.blog\/05.boardgames\/08.one-pizza-the-puzzle\/02.devlog-one-pizza-the-puzzle\/05.one-pizza-part-5":{"key":"blog\/boardgames\/one-pizza-the-puzzle\/devlog-one-pizza-the-puzzle\/one-pizza-part-5","storage_key":"03.blog\/05.boardgames\/08.one-pizza-the-puzzle\/02.devlog-one-pizza-the-puzzle\/05.one-pizza-part-5","template":"default","storage_timestamp":1632130440,"markdown":{"":{"default":1632130440}},"checksum":"c4ffe6a3250cb19c52d0affe61ed53e9"},"03.blog\/05.boardgames\/08.one-pizza-the-puzzle\/02.devlog-one-pizza-the-puzzle\/06.one-pizza-part-6":{"key":"blog\/boardgames\/one-pizza-the-puzzle\/devlog-one-pizza-the-puzzle\/one-pizza-part-6","storage_key":"03.blog\/05.boardgames\/08.one-pizza-the-puzzle\/02.devlog-one-pizza-the-puzzle\/06.one-pizza-part-6","template":"default","storage_timestamp":1632130432,"markdown":{"":{"default":1632130432}},"checksum":"48f45443f52748f89adb5fbf875e823e"},"03.blog\/05.boardgames\/08.one-pizza-the-puzzle\/02.devlog-one-pizza-the-puzzle\/07.one-pizza-part-7":{"key":"blog\/boardgames\/one-pizza-the-puzzle\/devlog-one-pizza-the-puzzle\/one-pizza-part-7","storage_key":"03.blog\/05.boardgames\/08.one-pizza-the-puzzle\/02.devlog-one-pizza-the-puzzle\/07.one-pizza-part-7","template":"default","storage_timestamp":1632130424,"markdown":{"":{"default":1632130424}},"checksum":"a58c6b0e8e7738399837dc3ea3113aae"},"03.blog\/05.boardgames\/08.one-pizza-the-puzzle\/03.technical-devlog-one-pizza-the-puzzle":{"key":"blog\/boardgames\/one-pizza-the-puzzle\/technical-devlog-one-pizza-the-puzzle","storage_key":"03.blog\/05.boardgames\/08.one-pizza-the-puzzle\/03.technical-devlog-one-pizza-the-puzzle","template":"blog","storage_timestamp":1632091568,"markdown":{"":{"blog":1632091357}},"checksum":"e08773e7488b26324b882a5cf0c7bb5c"},"03.blog\/06.videogames":{"key":"blog\/videogames","storage_key":"03.blog\/06.videogames","template":"blog","storage_timestamp":1661434768,"markdown":{"":{"blog":1661433801}},"children":{"04.pizza-peers":1661434238,"09.one-week-games":1661434344,"10.game-jams":1661434329,"10.good-friends-are-hard-to-find":1661434642,"company-of-the-tackling-tourists":1661434632},"checksum":"02faf19712f8d14e0a39b241d1907d73"},"03.blog\/06.videogames\/04.pizza-peers":{"key":"blog\/videogames\/pizza-peers","storage_key":"03.blog\/06.videogames\/04.pizza-peers","template":"blog","storage_timestamp":1661434238,"markdown":{"":{"blog":1632055820}},"children":{"02.devlog-pizza-peers":1632056453},"checksum":"daa0dbebc42f32aa793574e745dc980d"},"03.blog\/06.videogames\/04.pizza-peers\/02.devlog-pizza-peers":{"key":"blog\/videogames\/pizza-peers\/devlog-pizza-peers","storage_key":"03.blog\/06.videogames\/04.pizza-peers\/02.devlog-pizza-peers","template":"blog","storage_timestamp":1632056453,"markdown":{"":{"blog":1632055664}},"children":{"05.how-i-created-pizza-peers":1632056034,"06.websockets-node-js-server":1632056556,"07.peer-to-peer-connections":1632056547,"08.using-phaser-io":1632056537,"09.player-interface":1632056513,"10.problems-with-p2p":1632056499,"11.random-city-and-room-generation":1632056488},"checksum":"41b0a317195245fc79013fabe02bd373"},"03.blog\/06.videogames\/04.pizza-peers\/02.devlog-pizza-peers\/05.how-i-created-pizza-peers":{"key":"blog\/videogames\/pizza-peers\/devlog-pizza-peers\/how-i-created-pizza-peers","storage_key":"03.blog\/06.videogames\/04.pizza-peers\/02.devlog-pizza-peers\/05.how-i-created-pizza-peers","template":"default","storage_timestamp":1632056034,"markdown":{"":{"default":1632056034}},"checksum":"32f974dc70e0ce0c3cb7b5447dfe63b9"},"03.blog\/06.videogames\/04.pizza-peers\/02.devlog-pizza-peers\/06.websockets-node-js-server":{"key":"blog\/videogames\/pizza-peers\/devlog-pizza-peers\/websockets-node-js-server","storage_key":"03.blog\/06.videogames\/04.pizza-peers\/02.devlog-pizza-peers\/06.websockets-node-js-server","template":"default","storage_timestamp":1632056556,"markdown":{"":{"default":1632056556}},"checksum":"17e369132819e08cbc7aca24f992e5a4"},"03.blog\/06.videogames\/04.pizza-peers\/02.devlog-pizza-peers\/07.peer-to-peer-connections":{"key":"blog\/videogames\/pizza-peers\/devlog-pizza-peers\/peer-to-peer-connections","storage_key":"03.blog\/06.videogames\/04.pizza-peers\/02.devlog-pizza-peers\/07.peer-to-peer-connections","template":"default","storage_timestamp":1632056547,"markdown":{"":{"default":1632056547}},"checksum":"95c1cd514a2ccfa5c50e880a9876e79c"},"03.blog\/06.videogames\/04.pizza-peers\/02.devlog-pizza-peers\/08.using-phaser-io":{"key":"blog\/videogames\/pizza-peers\/devlog-pizza-peers\/using-phaser-io","storage_key":"03.blog\/06.videogames\/04.pizza-peers\/02.devlog-pizza-peers\/08.using-phaser-io","template":"default","storage_timestamp":1632056537,"markdown":{"":{"default":1632056537}},"checksum":"1cacd1a077186e06a99c4a9a7517c514"},"03.blog\/06.videogames\/04.pizza-peers\/02.devlog-pizza-peers\/09.player-interface":{"key":"blog\/videogames\/pizza-peers\/devlog-pizza-peers\/player-interface","storage_key":"03.blog\/06.videogames\/04.pizza-peers\/02.devlog-pizza-peers\/09.player-interface","template":"default","storage_timestamp":1632056513,"markdown":{"":{"default":1632056513}},"checksum":"f740fb7ec4ead4e64955b184804e1bbb"},"03.blog\/06.videogames\/04.pizza-peers\/02.devlog-pizza-peers\/10.problems-with-p2p":{"key":"blog\/videogames\/pizza-peers\/devlog-pizza-peers\/problems-with-p2p","storage_key":"03.blog\/06.videogames\/04.pizza-peers\/02.devlog-pizza-peers\/10.problems-with-p2p","template":"default","storage_timestamp":1632056499,"markdown":{"":{"default":1632056499}},"checksum":"c9273002ef5e44c1840236f2fac7f83a"},"03.blog\/06.videogames\/04.pizza-peers\/02.devlog-pizza-peers\/11.random-city-and-room-generation":{"key":"blog\/videogames\/pizza-peers\/devlog-pizza-peers\/random-city-and-room-generation","storage_key":"03.blog\/06.videogames\/04.pizza-peers\/02.devlog-pizza-peers\/11.random-city-and-room-generation","template":"default","storage_timestamp":1632056488,"markdown":{"":{"default":1632056488}},"checksum":"8456f9dce752fa2e6a67ea2a7ad391d6"},"03.blog\/06.videogames\/09.one-week-games":{"key":"blog\/videogames\/one-week-games","storage_key":"03.blog\/06.videogames\/09.one-week-games","template":"blog","storage_timestamp":1666347771,"markdown":{"":{"blog":1631827730}},"children":{"12.devlog-a-recipe-for-disaster":1632134849,"13.devlog-i-wish-you-good-hug":1632134861,"15.devlog-totems-of-tag":1632134871,"16.devlog-rolling-in-the-sheepe":1643281503,"17.devlog-carving-pumpkins-and-dwarfing-dumplings":1643310360,"18.devlog-own-goals-not-allowed":1666347771},"checksum":"a0f20ee5b4417f186c7b2464eb94b303"},"03.blog\/06.videogames\/09.one-week-games\/12.devlog-a-recipe-for-disaster":{"key":"blog\/videogames\/one-week-games\/devlog-a-recipe-for-disaster","storage_key":"03.blog\/06.videogames\/09.one-week-games\/12.devlog-a-recipe-for-disaster","template":"default","storage_timestamp":1632134849,"markdown":{"":{"default":1632134849}},"checksum":"9a755a9669a9d5fbe16db77c3ba02ea6"},"03.blog\/06.videogames\/09.one-week-games\/13.devlog-i-wish-you-good-hug":{"key":"blog\/videogames\/one-week-games\/devlog-i-wish-you-good-hug","storage_key":"03.blog\/06.videogames\/09.one-week-games\/13.devlog-i-wish-you-good-hug","template":"default","storage_timestamp":1632134861,"markdown":{"":{"default":1632134861}},"checksum":"555d0393e87fb4d08aad817d0a2a9e3c"},"03.blog\/06.videogames\/09.one-week-games\/15.devlog-totems-of-tag":{"key":"blog\/videogames\/one-week-games\/devlog-totems-of-tag","storage_key":"03.blog\/06.videogames\/09.one-week-games\/15.devlog-totems-of-tag","template":"default","storage_timestamp":1632134871,"markdown":{"":{"default":1632134871}},"checksum":"34f1faf1d558b62c03ad9d0dd04f70a7"},"03.blog\/06.videogames\/09.one-week-games\/16.devlog-rolling-in-the-sheepe":{"key":"blog\/videogames\/one-week-games\/devlog-rolling-in-the-sheepe","storage_key":"03.blog\/06.videogames\/09.one-week-games\/16.devlog-rolling-in-the-sheepe","template":"default","storage_timestamp":1643281503,"markdown":{"":{"default":1643281503}},"checksum":"ac051d038722600f38b8d03024e264ab"},"03.blog\/06.videogames\/09.one-week-games\/17.devlog-carving-pumpkins-and-dwarfing-dumplings":{"key":"blog\/videogames\/one-week-games\/devlog-carving-pumpkins-and-dwarfing-dumplings","storage_key":"03.blog\/06.videogames\/09.one-week-games\/17.devlog-carving-pumpkins-and-dwarfing-dumplings","template":"default","storage_timestamp":1643310360,"markdown":{"":{"default":1643310360}},"checksum":"7dc774926c6c68c7568eca340fef1a48"},"03.blog\/06.videogames\/09.one-week-games\/18.devlog-own-goals-not-allowed":{"key":"blog\/videogames\/one-week-games\/devlog-own-goals-not-allowed","storage_key":"03.blog\/06.videogames\/09.one-week-games\/18.devlog-own-goals-not-allowed","template":"default","storage_timestamp":1666347917,"markdown":{"":{"default":1666347917}},"checksum":"53b0227a2d597cb8d3fcb1ca17604d4e"},"03.blog\/06.videogames\/10.game-jams":{"key":"blog\/videogames\/game-jams","storage_key":"03.blog\/06.videogames\/10.game-jams","template":"blog","storage_timestamp":1661434329,"markdown":{"":{"blog":1638274444}},"children":{"devlog-ho-ho-sombrero":1640431046,"devlog-windowsilk":1638276013,"devlog-windup-wizards":1638276693},"checksum":"8e2d52699c20bb071c5a700a20f50192"},"03.blog\/06.videogames\/10.game-jams\/devlog-ho-ho-sombrero":{"key":"blog\/videogames\/game-jams\/devlog-ho-ho-sombrero","storage_key":"03.blog\/06.videogames\/10.game-jams\/devlog-ho-ho-sombrero","template":"default","storage_timestamp":1640431046,"markdown":{"":{"default":1640431046}},"checksum":"dc256a163ea928b491a8e25cc3dddda5"},"03.blog\/06.videogames\/10.game-jams\/devlog-windowsilk":{"key":"blog\/videogames\/game-jams\/devlog-windowsilk","storage_key":"03.blog\/06.videogames\/10.game-jams\/devlog-windowsilk","template":"default","storage_timestamp":1638276013,"markdown":{"":{"default":1638276013}},"checksum":"73cfc6905352177230dd68ad57a7eb57"},"03.blog\/06.videogames\/10.game-jams\/devlog-windup-wizards":{"key":"blog\/videogames\/game-jams\/devlog-windup-wizards","storage_key":"03.blog\/06.videogames\/10.game-jams\/devlog-windup-wizards","template":"default","storage_timestamp":1638276693,"markdown":{"":{"default":1638276693}},"checksum":"1fd0c99ebc483cac5a040c819118a7cd"},"03.blog\/06.videogames\/10.good-friends-are-hard-to-find":{"key":"blog\/videogames\/good-friends-are-hard-to-find","storage_key":"03.blog\/06.videogames\/10.good-friends-are-hard-to-find","template":"blog","storage_timestamp":1661434642,"markdown":{"":{"blog":1632146334}},"children":{"why-only-local-multiplayer":1632146555},"checksum":"6542fe869b28531aad6880b61f55ec28"},"03.blog\/06.videogames\/10.good-friends-are-hard-to-find\/why-only-local-multiplayer":{"key":"blog\/videogames\/good-friends-are-hard-to-find\/why-only-local-multiplayer","storage_key":"03.blog\/06.videogames\/10.good-friends-are-hard-to-find\/why-only-local-multiplayer","template":"default","storage_timestamp":1632146555,"markdown":{"":{"default":1632146555}},"checksum":"c2a05c0d715fcac924f4fec046332be3"},"03.blog\/06.videogames\/company-of-the-tackling-tourists":{"key":"blog\/videogames\/company-of-the-tackling-tourists","storage_key":"03.blog\/06.videogames\/company-of-the-tackling-tourists","template":"blog","storage_timestamp":1661434632,"markdown":{"":{"blog":1632146185}},"children":{"a-tutorial-for-tutorials-in-games":1632146784},"checksum":"a1f2704460f2ff166e044d700b166d2f"},"03.blog\/06.videogames\/company-of-the-tackling-tourists\/a-tutorial-for-tutorials-in-games":{"key":"blog\/videogames\/company-of-the-tackling-tourists\/a-tutorial-for-tutorials-in-games","storage_key":"03.blog\/06.videogames\/company-of-the-tackling-tourists\/a-tutorial-for-tutorials-in-games","template":"default","storage_timestamp":1632146784,"markdown":{"":{"default":1632146784}},"checksum":"72973b8ee06d90150140255b28d086e5"},"03.blog\/07.reviews":{"key":"blog\/reviews","storage_key":"03.blog\/07.reviews","template":"blog","storage_timestamp":1661435160,"markdown":{"":{"blog":1661434120}},"children":{"04.tutorials":1661435146,"07.reviews-thoughts":1661435160,"development-dilemmas-should-i-create-my-own-level-editor":1661434620,"how-to-create-ai-opponents-part-2-machine-learning":1661434610,"my-thoughts-on-game-design-documents":1661434596},"checksum":"09f17401036d252e87778d59108fa33a"},"03.blog\/07.reviews\/04.tutorials":{"key":"blog\/reviews\/tutorials","storage_key":"03.blog\/07.reviews\/04.tutorials","template":"blog","storage_timestamp":1661592319,"markdown":{"":{"blog":1661435027}},"children":{"01.how-to-create-ai-opponents-part-1":1661435096,"05.how-to-find-or-create-sound-effects-for-your-game":1661435146,"06.placing-stuff-pseudo-randomly":1661435134,"07.deduction-boardgames-part-1-passive":1661592319},"checksum":"cff7226b6ab2ee44ade49e112211ad65"},"03.blog\/07.reviews\/04.tutorials\/01.how-to-create-ai-opponents-part-1":{"key":"blog\/reviews\/tutorials\/how-to-create-ai-opponents-part-1","storage_key":"03.blog\/07.reviews\/04.tutorials\/01.how-to-create-ai-opponents-part-1","template":"blog","storage_timestamp":1661435096,"markdown":{"":{"blog":1661434508}},"checksum":"2737983d894835ac2e782dd55db7b529"},"03.blog\/07.reviews\/04.tutorials\/05.how-to-find-or-create-sound-effects-for-your-game":{"key":"blog\/reviews\/tutorials\/how-to-find-or-create-sound-effects-for-your-game","storage_key":"03.blog\/07.reviews\/04.tutorials\/05.how-to-find-or-create-sound-effects-for-your-game","template":"default","storage_timestamp":1661435146,"markdown":{"":{"default":1632143023}},"checksum":"789c8918494658b977c2888492ffb20c"},"03.blog\/07.reviews\/04.tutorials\/06.placing-stuff-pseudo-randomly":{"key":"blog\/reviews\/tutorials\/placing-stuff-pseudo-randomly","storage_key":"03.blog\/07.reviews\/04.tutorials\/06.placing-stuff-pseudo-randomly","template":"default","storage_timestamp":1661435134,"markdown":{"":{"default":1632144042}},"checksum":"61d37df13a789d676afe5d995931e7bd"},"03.blog\/07.reviews\/04.tutorials\/07.deduction-boardgames-part-1-passive":{"key":"blog\/reviews\/tutorials\/deduction-boardgames-part-1-passive","storage_key":"03.blog\/07.reviews\/04.tutorials\/07.deduction-boardgames-part-1-passive","template":"default","storage_timestamp":1661592430,"markdown":{"":{"default":1661592430}},"checksum":"56c541c9b2772702b62b47410d994e1b"},"03.blog\/07.reviews\/07.reviews-thoughts":{"key":"blog\/reviews\/reviews-thoughts","storage_key":"03.blog\/07.reviews\/07.reviews-thoughts","template":"blog","storage_timestamp":1661435160,"markdown":{"":{"blog":1661434936}},"children":{"01.my-review-of-solar2d-game-engine":1661435160,"02.corona-engine-success-and-horror-stories":1661435110},"checksum":"796c3e361839a19c334e04c1767f6fcf"},"03.blog\/07.reviews\/07.reviews-thoughts\/01.my-review-of-solar2d-game-engine":{"key":"blog\/reviews\/reviews-thoughts\/my-review-of-solar2d-game-engine","storage_key":"03.blog\/07.reviews\/07.reviews-thoughts\/01.my-review-of-solar2d-game-engine","template":"default","storage_timestamp":1661435160,"markdown":{"":{"default":1632059915}},"checksum":"dd75aeb31a171d10fc21cb1fc1b333fe"},"03.blog\/07.reviews\/07.reviews-thoughts\/02.corona-engine-success-and-horror-stories":{"key":"blog\/reviews\/reviews-thoughts\/corona-engine-success-and-horror-stories","storage_key":"03.blog\/07.reviews\/07.reviews-thoughts\/02.corona-engine-success-and-horror-stories","template":"blog","storage_timestamp":1661435110,"markdown":{"":{"blog":1661434468}},"checksum":"21a58d4eda3dc62335234ab3216b13e7"},"03.blog\/07.reviews\/development-dilemmas-should-i-create-my-own-level-editor":{"key":"blog\/reviews\/development-dilemmas-should-i-create-my-own-level-editor","storage_key":"03.blog\/07.reviews\/development-dilemmas-should-i-create-my-own-level-editor","template":"blog","storage_timestamp":1661434620,"markdown":{"":{"blog":1585433827}},"checksum":"117982de39d13ec221a3f29ce8fa97e0"},"03.blog\/07.reviews\/how-to-create-ai-opponents-part-2-machine-learning":{"key":"blog\/reviews\/how-to-create-ai-opponents-part-2-machine-learning","storage_key":"03.blog\/07.reviews\/how-to-create-ai-opponents-part-2-machine-learning","template":"blog","storage_timestamp":1661434610,"markdown":{"":{"blog":1583679093}},"checksum":"2ab76063635bf47a84c826b68167bd27"},"03.blog\/07.reviews\/my-thoughts-on-game-design-documents":{"key":"blog\/reviews\/my-thoughts-on-game-design-documents","storage_key":"03.blog\/07.reviews\/my-thoughts-on-game-design-documents","template":"blog","storage_timestamp":1661434596,"markdown":{"":{"blog":1584052356}},"checksum":"e67dabed35049f613e4cc57384e623ea"},"03.blog\/08.specials":{"key":"blog\/specials","storage_key":"03.blog\/08.specials","template":"blog","storage_timestamp":1661435211,"markdown":{"":{"blog":1661433934}},"children":{"03.why-i-created-the-peerful-project":1661434564,"04.the-pirate-games":1661434107,"09.news":1661435211},"checksum":"7a0125f7cc46d4cd0129ed971359ba27"},"03.blog\/08.specials\/03.why-i-created-the-peerful-project":{"key":"blog\/specials\/why-i-created-the-peerful-project","storage_key":"03.blog\/08.specials\/03.why-i-created-the-peerful-project","template":"blog","storage_timestamp":1661434564,"markdown":{"":{"blog":1661434564}},"checksum":"cc76e7b1e09a2d24abe458b7603c6580"},"03.blog\/08.specials\/04.the-pirate-games":{"key":"blog\/specials\/the-pirate-games","storage_key":"03.blog\/08.specials\/04.the-pirate-games","template":"blog","storage_timestamp":1661591117,"markdown":{"":{"blog":1658737468}},"children":{"devlog-pirate-drawingbeard":1661591117,"devlog-pirate-riddlebeard":1658739241},"checksum":"e5f3a723a4179dff183cf32cb5826230"},"03.blog\/08.specials\/04.the-pirate-games\/devlog-pirate-drawingbeard":{"key":"blog\/specials\/the-pirate-games\/devlog-pirate-drawingbeard","storage_key":"03.blog\/08.specials\/04.the-pirate-games\/devlog-pirate-drawingbeard","template":"default","storage_timestamp":1661591388,"markdown":{"":{"default":1661591388}},"checksum":"076a83c436171387c6339945524459e5"},"03.blog\/08.specials\/04.the-pirate-games\/devlog-pirate-riddlebeard":{"key":"blog\/specials\/the-pirate-games\/devlog-pirate-riddlebeard","storage_key":"03.blog\/08.specials\/04.the-pirate-games\/devlog-pirate-riddlebeard","template":"default","storage_timestamp":1658739241,"markdown":{"":{"default":1658739241}},"checksum":"0bbd79be4f1cc9dd4b163544a3279bc5"},"03.blog\/08.specials\/09.news":{"key":"blog\/specials\/news","storage_key":"03.blog\/08.specials\/09.news","template":"blog","storage_timestamp":1661435211,"markdown":{"":{"blog":1661434878}},"children":{"04.print-and-play-games":1661435197,"07.how-i-redesigned-my-game-studio-website":1661435211,"08.one-paper-games-2022-update":1661435179},"checksum":"b886c9ade5f08aae94da3249eb0e3ff4"},"03.blog\/08.specials\/09.news\/04.print-and-play-games":{"key":"blog\/specials\/news\/print-and-play-games","storage_key":"03.blog\/08.specials\/09.news\/04.print-and-play-games","template":"blog","storage_timestamp":1661435197,"markdown":{"":{"blog":1661434552}},"checksum":"364adafc2fa7a432b2da5b7bec2999f0"},"03.blog\/08.specials\/09.news\/07.how-i-redesigned-my-game-studio-website":{"key":"blog\/specials\/news\/how-i-redesigned-my-game-studio-website","storage_key":"03.blog\/08.specials\/09.news\/07.how-i-redesigned-my-game-studio-website","template":"default","storage_timestamp":1661435211,"markdown":{"":{"default":1634162874}},"checksum":"273cef7e0def647494ba0a6b7e7c56b4"},"03.blog\/08.specials\/09.news\/08.one-paper-games-2022-update":{"key":"blog\/specials\/news\/one-paper-games-2022-update","storage_key":"03.blog\/08.specials\/09.news\/08.one-paper-games-2022-update","template":"default","storage_timestamp":1661435179,"markdown":{"":{"default":1655975177}},"checksum":"a5f6cbce4b61ddec183c9a4cce18e2f6"}}}